param_name,param_value,is_rw
10,0,1
20,14,1
30,0,1
40,0,1
45,00000000,1
50,0000000000,1
60,20215,0
70,9089,1
80,4,0
90,7,0
A0,703,0
B0,45969,0
C0,6,0
D0,600,1
E0,18,1
100,180,1
110,60,1
120,1700,1
130,20,1
140,135,1
150,50,1
160,2,1
170,0000000000,1
180,000000000,1
190,0000000000,1
1A0,0,1
1A8,0,0
1B0,00000000,0
1B8,0,1
1C0,0,1
1C8,538,1
1D0,0,1
1D5,0,1
1D8,0,1
1E0,0,1
200,29,0
210,2,0
220,36,0
230,39,0
240,0,0
250,36,0
255,0,0
260,473,0
270,2,0
280,2,0
290,1.4105265141,0
2A0,0,0
2B0,0,0
2C0,0,0
2D0,65535,0
2E0,0,0
2F0,0,0
300,0,0
310,0,0
320,0,0
400,35200,1
410,0,1
420,0,1
430,65535,1
440,0,1
450,0,1
455,30600,1
460,0,1
470,0,1
480,7857,1
490,1000,1
4A0,0,1
570,1.2934721708,1
5A0,44.2999992371,1
5B0,4.9000000954,1
630,1.3488361835,1
660,0,1
670,0.0000000000,1
680,0.0000000000,1
690,0,1
6A0,44.2999992371,1
6B0,0,1
6C0,0.0000000000,1
7C0,0.0000000000,1
7D0,0.0000000000,1
7E0,2.0000000000,1
7F0,0.0000000000,0
800,0.0000000000,0
810,0.0000000000,1
820,0.0000000000,1
830,0.8000000119,1
840,0.0000000000,1
850,0.0000000000,1
860,0.0000000000,1
870,0.0000000000,1
900,0,0
E00,2166,0
E01,166869011,0
E02,2,0
E03,135,0
